คำค้น,ชื่อหลักสูตร,มหาวิทยาลัย,คณะ,ประเภทหลักสูตร,ค่าใช้จ่าย,ลิงก์,วันที่เก็บข้อมูล
วิศวกรรมปัญญาประดิษฐ์,วศ.บ. วิศวกรรมปัญญาประดิษฐ์ (ภาษาไทย ปกติ),มหาวิทยาลัยสงขลานครินทร์ หาดใหญ่,คณะวิศวกรรมศาสตร์ > วิศวกรรมคอมพิวเตอร์,ภาษาไทย ปกติ,"อัตราค่าเล่าเรียน 28,000.-/ภาคการศึกษา",https://course.mytcas.com/programs/10100101300502A,2025-07-27 21:38:49
วิศวกรรมปัญญาประดิษฐ์,วศ.บ. วิศวกรรมปัญญาประดิษฐ์และระบบอัจฉริยะ (ภาษาไทย ปกติ),มหาวิทยาลัยสงขลานครินทร์ ภูเก็ต,วิทยาลัยการคอมพิวเตอร์ > วิศวกรรมปัญญาประดิษฐ์,ภาษาไทย ปกติ,"อัตราค่าเล่าเรียน 38,000 บาทต่อภาคการศึกษา (เรียน 6 ภาคการศึกษา) หรือตลอดหลักสูตร 228,000 บาท และต้องชำระค่าธรรมเนียมแรกเข้าอีก 15,000 บาท",https://course.mytcas.com/programs/10100329303701A,2025-07-27 21:38:54
วิศวกรรมปัญญาประดิษฐ์,หลักสูตรวิศวกรรมศาสตรบัณฑิต สาขาวิชาวิศวกรรมระบบอัจฉริยะ ปริญญาตรี 4 ปี (พื้นที่การศึกษาราชบุรี) สาขาวิชาวิศวกรรมระบบอัจฉริยะ - วศ.บ 4 ปี (พื้นที่การศึกษาราชบุรี) (ภาษาไทย ปกติ),มหาวิทยาลัยเทคโนโลยีพระจอมเกล้าธนบุรี บางมด,วิทยาลัยสหวิทยาการ > วิศวกรรมปัญญาประดิษฐ์,ภาษาไทย ปกติ,https://kmutt.me/TUITION-FEES-BS-KMUTT,https://course.mytcas.com/programs/10140136303701A,2025-07-27 21:38:58
วิศวกรรมปัญญาประดิษฐ์,วศ.บ. วิศวกรรมปัญญาประดิษฐ์และการเป็นผู้ประกอบการ (หลักสูตรนานาชาติ) (หลักสูตรร่วม สจล. และ ม.กรุงเทพ) (Joint Degree - นานาชาติ),สถาบันเทคโนโลยีพระจอมเกล้าเจ้าคุณทหารลาดกระบัง ลาดกระบัง,คณะวิศวกรรมศาสตร์ > วิศวกรรมปัญญาประดิษฐ์,Joint Degree - นานาชาติ,"175,000 ต่อภาคการศึกษา",https://course.mytcas.com/programs/10160101303701I,2025-07-27 21:39:03
วิศวกรรมปัญญาประดิษฐ์,วศ.บ.สาขาวิชาวิศวกรรมปัญญาประดิษฐ์และการสั่งการ (ภาษาไทย ปกติ),มหาวิทยาลัยอุบลราชธานี วิทยาเขตหลัก,คณะวิศวกรรมศาสตร์ > วิศวกรรมปัญญาประดิษฐ์,ภาษาไทย ปกติ,"อัตราค่าเล่าเรียน 28,000 ต่อภาคการศึกษา หรือ 224,000 ตลอดหลักสูตร",https://course.mytcas.com/programs/10180113303703A,2025-07-27 21:39:07
วิศวกรรมปัญญาประดิษฐ์,วศ.บ. วิศวกรรมปัญญาประดิษฐ์และนวัตกรรมดิจิทัล (ภาษาไทย ปกติ),มหาวิทยาลัยเทคโนโลยีราชมงคลศรีวิชัย สงขลา,คณะวิศวกรรมศาสตร์ > วิศวกรรมคอมพิวเตอร์,ภาษาไทย ปกติ,"110,000",https://course.mytcas.com/programs/31970104300502A,2025-07-27 21:39:12
วิศวกรรมปัญญาประดิษฐ์,หลักสูตรวิศวกรรมศาสตรบัณฑิต สาขาวิชาวิศวกรรมคอมพิวเตอร์และปัญญาประดิษฐ์ (ภาษาไทย ปกติ),สถาบันการจัดการปัญญาภิวัฒน์ แจ้งวัฒนะ นนทบุรี,คณะวิศวกรรมศาสตร์และเทคโนโลยี > วิศวกรรมปัญญาประดิษฐ์,ภาษาไทย ปกติ,"อัตราค่าเล่าเรียน 384,000 บาท ตลอดหลักสูตร (มีทุนการศึกษาสนับสนุน และสามารถกู้ กยศ.2 ได้)",https://course.mytcas.com/programs/49180101303701A,2025-07-27 21:39:16
วิศวกรรมคอมพิวเตอร์,หลักสูตรวิศวกรรมศาสตรบัณฑิต สาขาวิชาวิศวกรรมคอมพิวเตอร์ (ภาษาไทย ปกติ),จุฬาลงกรณ์มหาวิทยาลัย,คณะวิศวกรรมศาสตร์ > วิศวกรรมคอมพิวเตอร์,ภาษาไทย ปกติ,"ภาคการศึกษาต้นและภาคการศึกษาปลาย ภาคการศึกษาละ 25,500 บาท ภาคฤดูร้อน(ถ้ามี) ภาคการศึกษาละ 6,375 บาท ดูรายละเอียดเพิ่มเติม https://www.reg.chula.ac.th/th/information/fee/",https://course.mytcas.com/programs/10010121300501A,2025-07-27 21:39:20
วิศวกรรมคอมพิวเตอร์,หลักสูตรวิศวกรรมศาสตรบัณฑิต สาขาวิชาวิศวกรรมคอมพิวเตอร์และเทคโนโลยีดิจิทัล (ภาษาไทย ปกติ),จุฬาลงกรณ์มหาวิทยาลัย,คณะวิศวกรรมศาสตร์ > วิศวกรรมคอมพิวเตอร์,ภาษาไทย ปกติ,"ภาคการศึกษาต้นและภาคการศึกษาปลาย ภาคการศึกษาละ 25,500 บาท ภาคฤดูร้อน(ถ้ามี) ภาคการศึกษาละ 6,375 บาท ดูรายละเอียดเพิ่มเติม https://www.reg.chula.ac.th/th/information/fee/",https://course.mytcas.com/programs/10010121300599A,2025-07-27 21:39:25
วิศวกรรมคอมพิวเตอร์,วศ.บ. สาขาวิชาวิศวกรรมคอมพิวเตอร์ (ภาษาไทย ปกติ),มหาวิทยาลัยเกษตรศาสตร์ บางเขน,คณะวิศวกรรมศาสตร์ > วิศวกรรมคอมพิวเตอร์,ภาษาไทย ปกติ,ไม่พบข้อมูล,https://course.mytcas.com/programs/10020105300501A,2025-07-27 21:39:29
วิศวกรรมคอมพิวเตอร์,วศ.บ. สาขาวิชาวิศวกรรมคอมพิวเตอร์ (ภาษาไทย ปกติ),มหาวิทยาลัยเกษตรศาสตร์ กำแพงแสน,คณะวิศวกรรมศาสตร์ กำแพงแสน > วิศวกรรมคอมพิวเตอร์,ภาษาไทย ปกติ,"156,000",https://course.mytcas.com/programs/10020220300501A,2025-07-27 21:39:33
วิศวกรรมคอมพิวเตอร์,วศ.บ. สาขาวิชาวิศวกรรมคอมพิวเตอร์และสารสนเทศศาสตร์ (ภาษาไทย ปกติ),มหาวิทยาลัยเกษตรศาสตร์ ศรีราชา,คณะวิศวกรรมศาสตร์ ศรีราชา > วิศวกรรมคอมพิวเตอร์,ภาษาไทย ปกติ,"232,800",https://course.mytcas.com/programs/10020328300502A,2025-07-27 21:39:38
วิศวกรรมคอมพิวเตอร์,วศ.บ. สาขาวิชาวิศวกรรมคอมพิวเตอร์ (ภาษาไทย ปกติ),มหาวิทยาลัยเกษตรศาสตร์ เฉลิมพระเกียรติ จ.สกลนคร,คณะวิทยาศาสตร์และวิศวกรรมศาสตร์ > วิศวกรรมคอมพิวเตอร์,ภาษาไทย ปกติ,ไม่พบข้อมูล,https://course.mytcas.com/programs/10020430300501A,2025-07-27 21:39:42
วิศวกรรมคอมพิวเตอร์,วิศวกรรมศาสตรบัณฑิต (วิศวกรรมคอมพิวเตอร์) วิศวกรรมคอมพิวเตอร์ (ภาษาไทย ปกติ),มหาวิทยาลัยขอนแก่น ขอนแก่น,คณะวิศวกรรมศาสตร์ > วิศวกรรมคอมพิวเตอร์,ภาษาไทย ปกติ,ค่าธรรมเนียมการศึกษา (ชาวไทย) 20000 บาท/เทอม,https://course.mytcas.com/programs/10030104300501A,2025-07-27 21:39:46
วิศวกรรมคอมพิวเตอร์,วศ.บ.วิศวกรรมคอมพิวเตอร์ (ภาษาไทย ปกติ),มหาวิทยาลัยเชียงใหม่ วิทยาเขตหลัก,คณะวิศวกรรมศาสตร์ > วิศวกรรมคอมพิวเตอร์,ภาษาไทย ปกติ,"184,000",https://course.mytcas.com/programs/10040106300501A,2025-07-27 21:39:51
วิศวกรรมคอมพิวเตอร์,วศ.บ.วิศวกรรมระบบสารสนเทศและเครือข่าย (นานาชาติ),มหาวิทยาลัยเชียงใหม่ วิทยาเขตหลัก,คณะวิศวกรรมศาสตร์ > วิศวกรรมคอมพิวเตอร์,นานาชาติ,"400,000",https://course.mytcas.com/programs/10040106300502E,2025-07-27 21:39:55
วิศวกรรมคอมพิวเตอร์,วศ.บ.สาขาวิชาวิศวกรรมคอมพิวเตอร์ (ภาษาไทย ปกติ),มหาวิทยาลัยธรรมศาสตร์ ศูนย์รังสิต,คณะวิศวกรรมศาสตร์ > วิศวกรรมคอมพิวเตอร์,ภาษาไทย ปกติ,"18,900 บาท ต่อภาคการศึกษา",https://course.mytcas.com/programs/10050210300501A,2025-07-27 21:40:00
วิศวกรรมคอมพิวเตอร์,วศ.บ.สาขาวิชาวิศวกรรมดิจิทัล และวิศวกรรมคอมพิวเตอร์ (หลักสูตรนานาชาติ) (SIIT),มหาวิทยาลัยธรรมศาสตร์ ศูนย์รังสิต,สถาบันเทคโนโลยีนานาชาติสิรินธร > วิศวกรรมคอมพิวเตอร์,นานาชาติ,"101,200 บาท ต่อภาคการศึกษา",https://course.mytcas.com/programs/10050222300501E,2025-07-27 21:40:04
วิศวกรรมคอมพิวเตอร์,หลักสูตรวิศวกรรมศาสตรบัณฑิต สาขาวิชาวิศวกรรมคอมพิวเตอร์ (ภาษาไทย ปกติ),มหาวิทยาลัยมหิดล ศาลายา,คณะวิศวกรรมศาสตร์ > วิศวกรรมคอมพิวเตอร์,ภาษาไทย ปกติ,"30,000 บาท ต่อภาคการศึกษา",https://course.mytcas.com/programs/10060112300501A,2025-07-27 21:40:08
วิศวกรรมคอมพิวเตอร์,หลักสูตรวิศวกรรมศาสตรบัณฑิต สาขาวิชาวิศวกรรมคอมพิวเตอร์ (ภาษาไทย ปกติ),มหาวิทยาลัยศรีนครินทรวิโรฒ องครักษ์,คณะวิศวกรรมศาสตร์ > วิศวกรรมคอมพิวเตอร์,ภาษาไทย ปกติ,"200,000 บาท ตลอดหลักสูตร",https://course.mytcas.com/programs/10090209300501A,2025-07-27 21:40:13
วิศวกรรมคอมพิวเตอร์,วศ.บ. วิศวกรรมคอมพิวเตอร์ (ภาษาไทย ปกติ),มหาวิทยาลัยสงขลานครินทร์ หาดใหญ่,คณะวิศวกรรมศาสตร์ > วิศวกรรมคอมพิวเตอร์,ภาษาไทย ปกติ,"อัตราค่าเล่าเรียน 18,000.-/ภาคการศึกษา",https://course.mytcas.com/programs/10100101300501A,2025-07-27 21:40:17
วิศวกรรมคอมพิวเตอร์,วศ.บ. วิศวกรรมปัญญาประดิษฐ์ (ภาษาไทย ปกติ),มหาวิทยาลัยสงขลานครินทร์ หาดใหญ่,คณะวิศวกรรมศาสตร์ > วิศวกรรมคอมพิวเตอร์,ภาษาไทย ปกติ,"อัตราค่าเล่าเรียน 28,000.-/ภาคการศึกษา",https://course.mytcas.com/programs/10100101300502A,2025-07-27 21:40:21
วิศวกรรมคอมพิวเตอร์,วศ.บ. วิศวกรรมดิจิทัล (หลักสูตรนานาชาติ),มหาวิทยาลัยสงขลานครินทร์ ภูเก็ต,วิทยาลัยการคอมพิวเตอร์ > วิศวกรรมคอมพิวเตอร์,นานาชาติ,"อัตราค่าเล่าเรียน 48,000 บาทต่อภาคการศึกษา (เรียน 8 ภาคการศึกษา) หรือตลอดหลักสูตร 384,000 บาท และต้องชำระค่าธรรมเนียมแรกเข้าอีก 15,000 บาท",https://course.mytcas.com/programs/10100329300501E,2025-07-27 21:40:26
วิศวกรรมคอมพิวเตอร์,วิศวกรรมศาสตรบัณฑิต สาขาวิชาวิศวกรรมคอมพิวเตอร์ ปริญญาตรี 4 ปี (หลักสูตรนานาชาติ) สาขาวิชาวิศวกรรมคอมพิวเตอร์ (หลักสูตรนานาชาติ) - วศ.บ. 4 ปี,มหาวิทยาลัยเทคโนโลยีพระจอมเกล้าธนบุรี บางมด,คณะวิศวกรรมศาสตร์ > วิศวกรรมคอมพิวเตอร์,นานาชาติ,https://kmutt.me/TUITION-FEES-BS-KMUTT,https://course.mytcas.com/programs/10140107300502E,2025-07-27 21:40:30
วิศวกรรมคอมพิวเตอร์,วิศวกรรมศาสตรบัณฑิต สาขาวิชาวิศวกรรมคอมพิวเตอร์ ปริญญาตรี 4 ปี สาขาวิชาวิศวกรรมคอมพิวเตอร์ - วศ.บ. 4 ปี (ภาษาไทย ปกติ),มหาวิทยาลัยเทคโนโลยีพระจอมเกล้าธนบุรี บางมด,คณะวิศวกรรมศาสตร์ > วิศวกรรมคอมพิวเตอร์,ภาษาไทย ปกติ,https://kmutt.me/TUITION-FEES-BS-KMUTT,https://course.mytcas.com/programs/10140107300507A,2025-07-27 21:40:35
วิศวกรรมคอมพิวเตอร์,ครุศาสตร์อุตสาหกรรมบัณฑิต สาขาวิชาวิศวกรรมไฟฟ้า ปริญญาตรี 5 ปี สาขาวิชาวิศวกรรมไฟฟ้า - วิชาโทวิศวกรรมคอมพิวเตอร์ (ค.อ.บ. 5 ปี) (ภาษาไทย ปกติ),มหาวิทยาลัยเทคโนโลยีพระจอมเกล้าธนบุรี บางมด,คณะครุศาสตร์อุตสาหกรรมและเทคโนโลยี > ไฟฟ้า,ภาษาไทย ปกติ,https://kmutt.me/TUITION-FEES-BS-KMUTT,https://course.mytcas.com/programs/10140108701904A?major=C,2025-07-27 21:40:39
วิศวกรรมคอมพิวเตอร์,วศ.บ.วิศวกรรมคอมพิวเตอร์ (ภาษาไทย ปกติ),มหาวิทยาลัยเทคโนโลยีพระจอมเกล้าพระนครเหนือ กรุงเทพฯ,คณะวิศวกรรมศาสตร์ > วิศวกรรมคอมพิวเตอร์,ภาษาไทย ปกติ,"25,000 ต่อภาคเรียน",https://course.mytcas.com/programs/10150101300501A,2025-07-27 21:40:43
วิศวกรรมคอมพิวเตอร์,วศ.บ. วิศวกรรมคอมพิวเตอร์ (ภาษาไทย ปกติ),สถาบันเทคโนโลยีพระจอมเกล้าเจ้าคุณทหารลาดกระบัง ลาดกระบัง,คณะวิศวกรรมศาสตร์ > วิศวกรรมคอมพิวเตอร์,ภาษาไทย ปกติ,"25,000 ต่อภาคการศึกษา",https://course.mytcas.com/programs/10160101300501A,2025-07-27 21:40:48
วิศวกรรมคอมพิวเตอร์,วศ.บ. วิศวกรรมคอมพิวเตอร์ (หลักสูตรนานาชาติ),สถาบันเทคโนโลยีพระจอมเกล้าเจ้าคุณทหารลาดกระบัง ลาดกระบัง,คณะวิศวกรรมศาสตร์ > วิศวกรรมคอมพิวเตอร์,นานาชาติ,"90,000 ต่อภาคการศึกษา",https://course.mytcas.com/programs/10160101300503E,2025-07-27 21:40:53
วิศวกรรมคอมพิวเตอร์,วศ.บ. วิศวกรรมคอมพิวเตอร์และความปลอดภัยไซเบอร์ (ภาษาไทย ปกติ),สถาบันเทคโนโลยีพระจอมเกล้าเจ้าคุณทหารลาดกระบัง ลาดกระบัง,คณะวิศวกรรมศาสตร์ > วิศวกรรมคอมพิวเตอร์,ภาษาไทย ปกติ,"50,000 ต่อภาคการศึกษา",https://course.mytcas.com/programs/10160101300504A,2025-07-27 21:40:57
วิศวกรรมคอมพิวเตอร์,วศ.บ. วิศวกรรมคอมพิวเตอร์ (ภาษาไทย ปกติ),สถาบันเทคโนโลยีพระจอมเกล้าเจ้าคุณทหารลาดกระบัง ชุมพรเขตรอุดมศักดิ์ จังหวัดชุมพร,วิทยาเขตชุมพรเขตรอุดมศักดิ์ จังหวัดชุมพร > วิศวกรรมคอมพิวเตอร์,ภาษาไทย ปกติ,"20,000 บาท ต่อภาคการศึกษา",https://course.mytcas.com/programs/10160220300501A,2025-07-27 21:41:02
วิศวกรรมคอมพิวเตอร์,"กลุ่มวิศวกรรมศาสตร์ (ประกอบด้วยสาขาวิชาวิศวกรรมการผลิตอัตโนมัติและหุ่นยนต์, วิศวกรรมเกษตรและอาหาร, วิศวกรรมคอมพิวเตอร์, วิศวกรรมเคมี, วิศวกรรมเครื่องกล, วิศวกรรมปิโตรเลียมและเทคโนโลยีธรณี, วิศวกรรมไฟฟ้า, วิศวกรรมโทรคมนาคม, วิศวกรรมยานยนต์,วิศวกรรมโยธา, วิศวกรรมขนส่งและโลจิสติส์, วิศวกรรมเซรามิก, วิศวกรรมพอลิเมอร์, วิศวกรรมโลหการ, วิศวกรรมสิ่งแวดล้อม, วิศวกรรมธรณี, วิศวกรรมอากาศยาน, วิศวกรรมอิเล็กทรอนิกส์, วิศวกรรมอุตสาหการ เรียนรวมกันปี 1 แยกสาขาปี 2) (ภาษาไทย ปกติ)",มหาวิทยาลัยเทคโนโลยีสุรนารี วิทยาเขตหลัก,สำนักวิชาวิศวกรรมศาสตร์ > วิศวกรรมทั่วไป,ภาษาไทย ปกติ,ไม่พบข้อมูล,https://course.mytcas.com/programs/10170107300001A,2025-07-27 21:41:06
วิศวกรรมคอมพิวเตอร์,วิศวกรรมคอมพิวเตอร์ (ภาษาไทย ปกติ),มหาวิทยาลัยเทคโนโลยีสุรนารี วิทยาเขตหลัก,สำนักวิชาวิศวกรรมศาสตร์ > วิศวกรรมคอมพิวเตอร์,ภาษาไทย ปกติ,"197,100",https://course.mytcas.com/programs/10170107300501A,2025-07-27 21:41:11
วิศวกรรมคอมพิวเตอร์,หลักสูตรวิศวกรรมศาสตรบัณฑิต สาขาวิชาวิศวกรรมคอมพิวเตอร์ (ภาษาไทย ปกติ),มหาวิทยาลัยนเรศวร วิทยาเขตหลัก,คณะวิศวกรรมศาสตร์ > วิศวกรรมคอมพิวเตอร์,ภาษาไทย ปกติ,"อัตราค่าเล่าเรียน 16,000 ต่อภาคเรียน",https://course.mytcas.com/programs/10200120300501A,2025-07-27 21:41:15
วิศวกรรมคอมพิวเตอร์,วิศวกรรมศาสตรบัณฑิต สาขาวิศวกรรมคอมพิวเตอร์และปัญญาประดิษฐ์ (ภาษาไทย ปกติ),มหาวิทยาลัยวลัยลักษณ์,วิศวกรรมศาสตร์และเทคโนโลยี > วิศวกรรมคอมพิวเตอร์,ภาษาไทย ปกติ,"อัตราค่าเล่าเรียน 32,700 ต่อภาคเรียน",https://course.mytcas.com/programs/10230125300501A,2025-07-27 21:41:19
วิศวกรรมคอมพิวเตอร์,วศ.บ. วิศวกรรมคอมพิวเตอร์ (จัดการเรียนการสอนเป็นภาษาอังกฤษ) (ภาษาไทย ปกติ),มหาวิทยาลัยแม่ฟ้าหลวง,เทคโนโลยดิจิทัลประยุกต์ > วิศวกรรมคอมพิวเตอร์,ภาษาไทย ปกติ,"ค่าธรรมเนียมการศึกษา 28,000 ต่อภาคการศึกษา หรือ 224,000 บาท ตลอดหลักสูตร",https://course.mytcas.com/programs/10240113300501A,2025-07-27 21:41:24
วิศวกรรมคอมพิวเตอร์,วิศวกรรมคอมพิวเตอร์ (ภาษาไทย ปกติ),มหาวิทยาลัยนราธิวาสราชนครินทร์,วิศวกรรมศาสตร์ > วิศวกรรมคอมพิวเตอร์,ภาษาไทย ปกติ,"112,000",https://course.mytcas.com/programs/10250105300501A,2025-07-27 21:41:28
วิศวกรรมคอมพิวเตอร์,วิศวกรรมศาสตรบัณฑิต สาขาวิชาวิศวกรรมคอมพิวเตอร์ (ภาษาไทย ปกติ),มหาวิทยาลัยนครพนม,คณะวิศวกรรมศาสตร์ > วิศวกรรมคอมพิวเตอร์,ภาษาไทย ปกติ,"อัตราค่าเล่าเรียน โดยประมาณ 72,200 บาท ตลอดหลักสูตร",https://course.mytcas.com/programs/10260106300502A,2025-07-27 21:41:33
วิศวกรรมคอมพิวเตอร์,หลักสูตรวิศวกรรมศาสตรบัณฑิต สาขาวิชาวิศวกรรมคอมพิวเตอร์ (ภาษาไทย ปกติ),มหาวิทยาลัยพะเยา,คณะเทคโนโลยีสารสนเทศและการสื่อสาร > วิศวกรรมคอมพิวเตอร์,ภาษาไทย ปกติ,https://admission.up.ac.th/uploads/admission/media/file/66ed2582eb5b7LIYYa.pdf,https://course.mytcas.com/programs/10270102300501A,2025-07-27 21:41:37
วิศวกรรมคอมพิวเตอร์,วศ.บ. วิศวกรรมคอมพิวเตอร์ (ภาษาไทย ปกติ),มหาวิทยาลัยกาฬสินธุ์ วิทยาเขตหลัก,คณะวิศวกรรมศาสตร์และเทคโนโลยีอุตสาหกรรม > วิศวกรรมคอมพิวเตอร์,ภาษาไทย ปกติ,"อัตราค่าเล่าเรียน 10,150 ต่อภาคเรียน",https://course.mytcas.com/programs/10280104300501A,2025-07-27 21:41:41
วิศวกรรมคอมพิวเตอร์,หลักสูตรวิศวกรรมศาสตรบัณฑิต สาขาวิชาวิศวกรรมคอมพิวเตอร์ (วศ.บ. (วิศวกรรมคอมพิวเตอร์)) (ภาษาไทย ปกติ),มหาวิทยาลัยรามคำแหง,คณะวิศวกรรมศาสตร์ > วิศวกรรมคอมพิวเตอร์,ภาษาไทย ปกติ,"เทอมแรก 33,000 บาท เทอมต่อไปเทอมละ 26,000 บาท (เหมาจ่ายรายเทอม ลงทะเบียนได้ไม่เกิน 22 - 24 หน่วยกิต) หลักสูตร 4 ปี",https://course.mytcas.com/programs/10340101300501A,2025-07-27 21:41:46
วิศวกรรมคอมพิวเตอร์,หลักสูตรวิศวกรรมศาสตรบัณฑิต สาขาวิชาวิศวกรรมคอมพิวเตอร์ (หลักสูตรนานาชาติ) (วศ.บ. (วิศวกรรมคอมพิวเตอร์)),มหาวิทยาลัยรามคำแหง,คณะวิศวกรรมศาสคร์ > วิศวกรรมคอมพิวเตอร์,นานาชาติ,"ตลอดหลักสูตร 403,260 บาท (63,260 บาทในภาคการศึกษาแรก)",https://course.mytcas.com/programs/10340101300506E,2025-07-27 21:41:50
วิศวกรรมคอมพิวเตอร์,วิศวกรรมศาสตรบัณฑิต สาขาวิชาวิศวกรรมคอมพิวเตอร์ (ภาษาไทย ปกติ),สถาบันเทคโนโลยีจิตรลดา,คณะเทคโนโลยีดิจิทัล > วิศวกรรมคอมพิวเตอร์,ภาษาไทย ปกติ,"อัตราค่าเล่าเรียน 31,500 ต่อภาคเรียน หรือ 252,000 บาท ตลอดหลักสูตร",https://course.mytcas.com/programs/10350103300501A,2025-07-27 21:41:54
วิศวกรรมคอมพิวเตอร์,หลักสูตรวิศวกรรมศาสตรบัณฑิต สาขาวิชาวิศวกรรมคอมพิวเตอร์ (ภาษาไทย ปกติ),มหาวิทยาลัยราชภัฏพิบูลสงคราม,คณะเทคโนโลยีอุตสาหกรรม > วิศวกรรมคอมพิวเตอร์,ภาษาไทย ปกติ,"ค่าบำรุงการศึกษา 12,000 บาท ต่อภาคการศึกษา",https://course.mytcas.com/programs/21520106300501A,2025-07-27 21:41:59
วิศวกรรมคอมพิวเตอร์,วศ.บ.วิศวกรรมคอมพิวเตอร์ (ภาษาไทย ปกติ),มหาวิทยาลัยราชภัฏสวนสุนันทา,คณะวิศวกรรมศาสตร์และเทคโนโลยีอุตสาหกรรม > วิศวกรรมคอมพิวเตอร์,ภาษาไทย ปกติ,"ค่าลงทะเบียนเรียน 18,500 บาท ต่อภาคเรียน และค่าธรรมเนียมแรกเข้าศึกษา 5,350 บาท (ค่าแรกเข้าชำระเฉพาะภาคเรียนแรกที่เข้าศึกษา) สามารถดูประกาศค่าธรรมเนียม ณ วันที่ประกาศรายชื่อผู้มีสิทธิ์เข้าศึกษาที่เว็บไซต์ https://admission.ssru.ac.th/login",https://course.mytcas.com/programs/21660105300516A,2025-07-27 21:42:03
วิศวกรรมคอมพิวเตอร์,วศ.บ.วิศวกรรมคอมพิวเตอร์และเครือข่าย สาขาวิชาวิศวกรรมคอมพิวเตอร์และเครือข่าย (ภาษาไทย ปกติ),มหาวิทยาลัยราชภัฏอุบลราชธานี วิทยาเขตหลัก,คณะเทคโนโลยีอุตสาหกรรม > วิศวกรรมคอมพิวเตอร์,ภาษาไทย ปกติ,"72,610 บาท",https://course.mytcas.com/programs/21710105300590A,2025-07-27 21:42:07
วิศวกรรมคอมพิวเตอร์,วิศวกรรมคอมพิวเตอร์ (ภาษาไทย ปกติ),มหาวิทยาลัยเทคโนโลยีราชมงคลธัญบุรี,คณะครุศาสตร์อุตสาหกรรม > คอมพิวเตอร์,ภาษาไทย ปกติ,100000 ตลอดหลักสูตร (14000 ต่อภาคเรียน),https://course.mytcas.com/programs/31910102700901A,2025-07-27 21:42:12
วิศวกรรมคอมพิวเตอร์,วิศวกรรมคอมพิวเตอร์ (ภาษาไทย ปกติ),มหาวิทยาลัยเทคโนโลยีราชมงคลธัญบุรี,คณะวิศวกรรมศาสตร์ > วิศวกรรมคอมพิวเตอร์,ภาษาไทย ปกติ,20000 บาท/ภาคการศึกษา,https://course.mytcas.com/programs/31910104300501A,2025-07-27 21:42:16
วิศวกรรมคอมพิวเตอร์,วศ.บ. (วิศวกรรมคอมพิวเตอร์และระบบไอโอที) (ภาษาไทย ปกติ),มหาวิทยาลัยเทคโนโลยีราชมงคลกรุงเทพ,คณะวิศวกรรมศาสตร์ > วิศวกรรมคอมพิวเตอร์,ภาษาไทย ปกติ,อัตราค่าบำรุงการศึกษา ภาคการศึกษาแรก 16120 บาท / ภาคการศึกษาถัดไป 11700 บาท,https://course.mytcas.com/programs/31920104300501A,2025-07-27 21:42:20
วิศวกรรมคอมพิวเตอร์,วศ.บ. วิศวกรรมคอมพิวเตอร์ (ภาษาไทย ปกติ),มหาวิทยาลัยเทคโนโลยีราชมงคลพระนคร พระนครเหนือ,คณะวิศวกรรมศาสตร์ > วิศวกรรมคอมพิวเตอร์,ภาษาไทย ปกติ,15000,https://course.mytcas.com/programs/31940504300501A,2025-07-27 21:42:25
วิศวกรรมคอมพิวเตอร์,วศ.บ. วิศวกรรมคอมพิวเตอร์ 4 ปี (ภาษาไทย ปกติ),มหาวิทยาลัยเทคโนโลยีราชมงคลรัตนโกสินทร์ ศาลายา,คณะวิศวกรรมศาสตร์ > วิศวกรรมคอมพิวเตอร์,ภาษาไทย ปกติ,"สายวิทยาศาสตร์ค่าเทอมเหมาจ่าย 15,000/ภาคการศึกษา สายสังคมค่าเทอมเหมาจ่าย 12,000/ภาคการศึกษา",https://course.mytcas.com/programs/31950101300501A,2025-07-27 21:42:29
วิศวกรรมคอมพิวเตอร์,อส.บ. เทคโนโลยีวิศวกรรมคอมพิวเตอร์ 4 ปี (ภาษาไทย ปกติ),มหาวิทยาลัยเทคโนโลยีราชมงคลรัตนโกสินทร์ วังไกลกังวล,คณะอุตสาหกรรมและเทคโนโลยี > วิศวกรรมคอมพิวเตอร์,ภาษาไทย ปกติ,"สายวิทยาศาสตร์ค่าเทอมเหมาจ่าย 15,000/ภาคการศึกษา สายสังคมค่าเทอมเหมาจ่าย 12,000/ภาคการศึกษา",https://course.mytcas.com/programs/31950203300501A,2025-07-27 21:42:33
วิศวกรรมคอมพิวเตอร์,วศ.บ. วิศวกรรมคอมพิวเตอร์ (ภาษาไทย ปกติ),มหาวิทยาลัยเทคโนโลยีราชมงคลศรีวิชัย สงขลา,คณะวิศวกรรมศาสตร์ > วิศวกรรมคอมพิวเตอร์,ภาษาไทย ปกติ,"110,000",https://course.mytcas.com/programs/31970104300501A,2025-07-27 21:42:38
วิศวกรรมคอมพิวเตอร์,วศ.บ. วิศวกรรมปัญญาประดิษฐ์และนวัตกรรมดิจิทัล (ภาษาไทย ปกติ),มหาวิทยาลัยเทคโนโลยีราชมงคลศรีวิชัย สงขลา,คณะวิศวกรรมศาสตร์ > วิศวกรรมคอมพิวเตอร์,ภาษาไทย ปกติ,"110,000",https://course.mytcas.com/programs/31970104300502A,2025-07-27 21:42:42
วิศวกรรมคอมพิวเตอร์,วศ.บ. วิศวกรรมคอมพิวเตอร์และการสื่อสาร (ภาษาไทย ปกติ),มหาวิทยาลัยเทคโนโลยีราชมงคลศรีวิชัย ตรัง,คณะวิศวกรรมศาสตร์และเทคโนโลยี > วิศวกรรมคอมพิวเตอร์,ภาษาไทย ปกติ,"110,000",https://course.mytcas.com/programs/31970615300501A,2025-07-27 21:42:47
วิศวกรรมคอมพิวเตอร์,วศ.บ.วิศวกรรมคอมพิวเตอร์ (ภาษาไทย ปกติ),มหาวิทยาลัยเทคโนโลยีราชมงคลอีสาน นครราชสีมา,คณะวิศวกรรมศาสตร์และเทคโนโลยี > วิศวกรรมคอมพิวเตอร์,ภาษาไทย ปกติ,"อัตราค่าเล่าเรียน 12,000 ต่อภาคเรียน หรือ 152,000 บาท ตลอดหลักสูตร",https://course.mytcas.com/programs/31990103300501A,2025-07-27 21:42:51
วิศวกรรมคอมพิวเตอร์,วศ.บ. สาขาวิชาวิศวกรรมคอมพิวเตอร์ (ภาษาไทย ปกติ),มหาวิทยาลัยศรีปทุม,คณะเทคโนโลยีสารสนเทศ (กทม.) > วิศวกรรมคอมพิวเตอร์,ภาษาไทย ปกติ,ไม่พบข้อมูล,https://course.mytcas.com/programs/40540111300501A,2025-07-27 21:42:56
วิศวกรรมคอมพิวเตอร์,หลักสูตรวิศวกรรมศาสตรบัณฑิต (วิศวกรรมคอมพิวเตอร์และปัญญาประดิษฐ์) (ภาษาไทย ปกติ),มหาวิทยาลัยหอการค้าไทย,คณะวิศวกรรมศาสตร์ > วิศวกรรมคอมพิวเตอร์,ภาษาไทย ปกติ,"อัตราค่าเล่าเรียน 340,000 บาท ตลอดหลักสูตร",https://course.mytcas.com/programs/40560107300501A,2025-07-27 21:43:00
วิศวกรรมคอมพิวเตอร์,วศ.บ. วิศวกรรมคอมพิวเตอร์และปัญญาประดิษฐ์ สาขาวิชาวศ.บ. วิศวกรรมคอมพิวเตอร์และปัญญาประดิษฐ์ (ภาษาไทย ปกติ),มหาวิทยาลัยเทคโนโลยีมหานคร,วิศวกรรมศาสตร์ > วิศวกรรมคอมพิวเตอร์,ภาษาไทย ปกติ,_,https://course.mytcas.com/programs/40610130300501A?major=A,2025-07-27 21:43:04
วิศวกรรมคอมพิวเตอร์,วศ.บ.วิศวกรรมคอมพิวเตอร์ (ภาษาไทย ปกติ),มหาวิทยาลัยรังสิต,วิทยาลัยวิศวกรรมศาสตร์ > วิศวกรรมคอมพิวเตอร์,ภาษาไทย ปกติ,"ค่าเล่าเรียนตลอดหลักสูตร 396,800",https://course.mytcas.com/programs/40680111300501A,2025-07-27 21:43:09
วิศวกรรมคอมพิวเตอร์,หลักสูตรวิศวกรรมศาสตรบัณฑิต สาขาวิชาวิศวกรรมคอมพิวเตอร์ (ภาษาไทย ปกติ),มหาวิทยาลัยธุรกิจบัณฑิตย์,วิทยาลัยวิศวกรรมศาสตร์และเทคโนโลยี > วิศวกรรมคอมพิวเตอร์,ภาษาไทย ปกติ,ค่าเล่าเรียนตลอดหลักสูตร 337000 บาท,https://course.mytcas.com/programs/41030102300501A,2025-07-27 21:43:13
วิศวกรรมคอมพิวเตอร์,วศ.บ.วิศวกรรมคอมพิวเตอร์ (ภาษาไทย ปกติ),มหาวิทยาลัยเกษมบัณฑิต วิทยาเขตร่มเกล้า,คณะวิศวกรรมศาสตร์ > วิศวกรรมคอมพิวเตอร์,ภาษาไทย ปกติ,"282,000 บาท ตลอดหลักสูตร",https://course.mytcas.com/programs/41800204300501A,2025-07-27 21:43:17
วิศวกรรมคอมพิวเตอร์,วศ.บ. สาขาวิชาวิศวกรรมคอมพิวเตอร์ (ภาษาไทย ปกติ),มหาวิทยาลัยสยาม วิทยาเขตหลัก,คณะวิศวกรรมศาสตร์ > วิศวกรรมคอมพิวเตอร์,ภาษาไทย ปกติ,"ประมาณการอัตราค่าเล่าเรียน ตลอดหลักสูตร 303,500 บาท",https://course.mytcas.com/programs/41810101300501A,2025-07-27 21:43:22
วิศวกรรมคอมพิวเตอร์,หลักสูตรวิศวกรรมศาสตรบัณฑิต สาขาวิชาวิศวกรรมคอมพิวเตอร์และปัญญาประดิษฐ์ (ภาษาไทย ปกติ),สถาบันการจัดการปัญญาภิวัฒน์ แจ้งวัฒนะ นนทบุรี,คณะวิศวกรรมศาสตร์และเทคโนโลยี > วิศวกรรมปัญญาประดิษฐ์,ภาษาไทย ปกติ,"อัตราค่าเล่าเรียน 384,000 บาท ตลอดหลักสูตร (มีทุนการศึกษาสนับสนุน และสามารถกู้ กยศ.2 ได้)",https://course.mytcas.com/programs/49180101303701A,2025-07-27 21:43:26
